url,aggregator
https://www.facebook.com/pg/BierkellerTuebingen/events/,Facebook
http://www.epplehaus.de/events/?ical=1,iCal
https://www.facebook.com/pg/derneueladen/events/,Facebook
https://www.facebook.com/pg/schwarzes.schaf.tuebingen/events/,Facebook
https://www.facebook.com/pg/fsrvv/events/,Facebook
https://facebook.com/pg/club27tuebingen/events/,Facebook
https://facebook.com/pg/KulturschockZelle/events/,Facebook
https://facebook.com/pg/Kuckuck.WHO/events/,Facebook
https://calendar.google.com/calendar/ical/info%40eventzimmer.de/public/basic.ics,iCal
https://www.facebook.com/pg/voltairetuebingen/events/,Facebook
https://www.facebook.com/pg/Sudhaus/events/,Facebook
https://www.facebook.com/pg/jazzclubtuebingen/events/,Facebook
https://www.facebook.com/pg/kulturzentrum.franz.k/events/,Facebook
https://facebook.com/pg/top10tue/events/,Facebook
https://www.facebook.com/pg/LTTonline/events/,Facebook
https://facebook.com/pg/FrauHopf/events/,Facebook
https://facebook.com/pg/arsenalkinos/events/,Facebook
https://www.facebook.com/pg/cafehaag/events/,Facebook
https://www.facebook.com/pg/QFilmTuebingen/events/,Facebook
https://facebook.com/pg/DasLUDWIGsTuebingen/events/,Facebook
https://www.facebook.com/pg/aufdempausenhof/events/,Facebook
http://www.jugendcafe-tuebingen.de/?post_type=tribe_events&ical=1&tribe_display=list,iCal
https://facebook.com/pg/FriedrichsTuebingen/events/,Facebook
https://facebook.com/pg/daiTuebingen/events/,Facebook
https://facebook.com/pg/Neckarmueller/events/,Facebook
https://facebook.com/pg/Jazzclub-in-der-MITTE-Reutlingen-449302415205635/events/,Facebook
https://facebook.com/pg/Ribingurumu/events/,Facebook
https://facebook.com/pg/Last-Resort-158790172857/events/,Facebook
https://www.facebook.com/LehmannClub/events/,Facebook
https://www.facebook.com/pg/kowalski.stuttgart/events/,Facebook
https://facebook.com/pg/clubwom/events/,Facebook
https://www.facebook.com/pg/wagenhalle/events/,Facebook
https://facebook.com/pg/Sonnenkeller/events/,Facebook
https://www.facebook.com/pg/top10balingen/events/,Facebook
https://www.facebook.com/pg/kulturinsel.stuttgart/events/,Facebook
https://www.facebook.com/pg/LKALonghorn/events/,Facebook
https://www.facebook.com/pg/jugendhausinsel/events/,Facebook
https://www.facebook.com/pg/doppeldeckerbalingen/events/,Facebook
https://www.facebook.com/pg/stadthalle.balingen/events/,Facebook
https://www.facebook.com/pg/WARANGABAR/events/,Facebook
https://www.facebook.com/pg/pure.in.stuttgart/events/,Facebook
https://www.facebook.com/pg/mghlinde/events/,Facebook
https://www.facebook.com/pg/kulturopenair/events/,Facebook
https://www.facebook.com/pg/clubbastion/events/,Facebook
https://www.facebook.com/pg/wunderbar.kirchheim.de/events/,Facebook
https://www.facebook.com/pg/TropicanaAlbstadt/events/,Facebook
https://www.facebook.com/pg/filmrisskirchheim/events/,Facebook
https://www.facebook.com/pg/rotesonne/events/,Facebook
https://www.facebook.com/pg/zimmertheater.tuebingen/events/,Facebook
https://www.facebook.com/pg/KUNSTHALLE-TÜBINGEN-298948760165311/events/,Facebook
https://www.facebook.com/pg/Werkstadthaus/events/,Facebook
https://www.facebook.com/pg/unituebingen/events/,Facebook
https://www.facebook.com/pg/UnikinoTuebingen/events/,Facebook
https://www.facebook.com/pg/slamtuebingen/events/,Facebook
https://www.facebook.com/pg/willituebingen/events/,Facebook
https://www.facebook.com/pg/RosaReutlingen/events/,Facebook
https://www.facebook.com/pg/stadtpalaisstuttgart/events/,Facebook
https://www.facebook.com/pg/RAKETEinderrampe/events/,Facebook
https://www.facebook.com/pg/white.noise.stuttgart/events/,Facebook
https://www.facebook.com/pg/theater0711/events/,Facebook
https://www.facebook.com/pg/icecafeadria/events/,Facebook
https://www.facebook.com/pg/korridorbar/events/,Facebook
https://www.facebook.com/pg/Café-Klotz-160072574521880/events/,Facebook
https://www.facebook.com/pg/cafegalao/events/,Facebook
https://www.facebook.com/pg/Test-1Stock-885773975147144/events/,Facebook
https://www.facebook.com/pg/CafeArgWerkstatthaus/events/,Facebook
https://www.facebook.com/pg/Werkstatthaus/events/,Facebook
https://www.facebook.com/pg/mittwochsbuehne/events/,Facebook
https://www.facebook.com/pg/stadthalle.reutlingen/events/,Facebook
https://www.facebook.com/pg/vhstuebingen/events/,Facebook
https://www.facebook.com/pg/ratskellertuebingen/events/,Facebook
https://www.facebook.com/pg/goldenezeitentuebingen/events/,Facebook
https://www.facebook.com/pg/ICFATuebingen/events/,Facebook
